Coca-Cola;Ryan Haynes;Coca-Cola@gmail.com;$8989349266
Aviasales;Corey Nelson;Aviasales@gmail.com;$3076964264
Megafone;Garrett Lopez;Megafone@gmail.com;$2048990326
Snickers;Jennifer Castillo;Snickers@gmail.com;$3962761802
Red Bull;Jared Hanson;Red Bull@gmail.com;$5492432917
USM Holdings;Jacqueline Barber;USM Holdings@gmail.com;$8702977753
StrongBow;Amy Gaines;StrongBow@gmail.com;$5331226379
Mountain Dew;Michael Jones;Mountain Dew@gmail.com;$9796797197
Adidas;Nicole Davis;Adidas@gmail.com;$5343945670
Nike;Kimberly Hardy;Nike@gmail.com;$1879289565
